operation_id,agency,port_name,operation_date,containers_handled,vessel_waiting_hours,berth_occupancy_rate
PORT-000000,Mawani,King Abdulaziz Port,2025-05-18,4624,4.47,72.83
PORT-000001,Mawani,Jeddah Islamic Port,2025-03-08,2239,16.27,52.22
PORT-000002,Mawani,King Abdulaziz Port,2025-01-12,3603,23.8,89.41
PORT-000003,Mawani,King Abdulaziz Port,2025-02-26,5824,30.72,72.45
PORT-000004,Mawani,Jazan Port,2025-01-19,3558,34.74,73.98
PORT-000005,Mawani,King Abdullah Port,2025-04-28,1448,32.86,97.62
PORT-000006,Mawani,King Abdullah Port,2025-01-08,371,36.86,86.34
PORT-000007,Mawani,Jeddah Islamic Port,2025-01-08,785,15.82,85.15
PORT-000008,Mawani,Jeddah Islamic Port,2025-01-22,5735,9.55,95.51
PORT-000009,Mawani,Jeddah Islamic Port,2025-04-23,6519,42.98,79.32
PORT-000010,Mawani,Jeddah Islamic Port,2025-06-11,6231,46.51,46.37
PORT-000011,Mawani,King Abdulaziz Port,2025-04-01,2662,18.5,51.1
PORT-000012,Mawani,King Abdullah Port,2025-03-16,2236,8.07,73.93
PORT-000013,Mawani,King Abdulaziz Port,2025-06-03,5573,27.88,70.27
PORT-000014,Mawani,Jazan Port,2025-05-14,7556,36.98,52.98
PORT-000015,Mawani,King Abdullah Port,2025-05-09,5192,37.94,61.65
PORT-000016,Mawani,Jazan Port,2025-01-11,4254,21.15,46.39
PORT-000017,Mawani,Jeddah Islamic Port,2025-01-01,5523,12.91,58.02
PORT-000018,Mawani,King Abdullah Port,2025-06-12,2897,4.71,83.37
PORT-000019,Mawani,King Abdullah Port,2025-05-16,1328,19.75,74.84
PORT-000020,Mawani,King Abdulaziz Port,2025-04-16,1322,38.39,72.12
PORT-000021,Mawani,King Abdullah Port,2025-04-05,5517,2.83,61.44
PORT-000022,Mawani,King Abdulaziz Port,2025-05-28,3174,35.16,74.28
PORT-000023,Mawani,Jeddah Islamic Port,2025-06-10,3948,3.02,56.02
PORT-000024,Mawani,Jazan Port,2025-06-04,7112,29.67,69.38
PORT-000025,Mawani,King Abdullah Port,2025-01-05,6427,30.16,78.72
PORT-000026,Mawani,King Abdulaziz Port,2025-02-02,628,3.38,87.51
PORT-000027,Mawani,Jeddah Islamic Port,2025-04-11,2171,40.16,51.59
PORT-000028,Mawani,Jeddah Islamic Port,2025-03-08,5224,35.33,95.99
PORT-000029,Mawani,King Abdulaziz Port,2025-05-21,7869,23.0,91.66
PORT-000030,Mawani,King Abdulaziz Port,2025-05-13,1688,18.46,85.48
PORT-000031,Mawani,Jeddah Islamic Port,2025-04-13,2293,12.01,80.67
PORT-000032,Mawani,King Abdulaziz Port,2025-06-28,3377,29.91,60.64
PORT-000033,Mawani,King Abdulaziz Port,2025-05-14,4781,31.15,80.35
PORT-000034,Mawani,King Abdullah Port,2025-04-15,2537,8.03,57.86
PORT-000035,Mawani,Jazan Port,2025-02-03,3116,34.81,89.79
PORT-000036,Mawani,Jazan Port,2025-02-24,952,15.21,86.25
PORT-000037,Mawani,Jeddah Islamic Port,2025-04-29,7255,2.44,65.68
PORT-000038,Mawani,Jazan Port,2025-02-10,3005,45.44,64.8
PORT-000039,Mawani,King Abdullah Port,2025-01-11,1628,19.66,57.14
PORT-000040,Mawani,King Abdullah Port,2025-03-29,4552,32.95,60.57
PORT-000041,Mawani,Jeddah Islamic Port,2025-06-21,793,22.82,61.31
PORT-000042,Mawani,King Abdullah Port,2025-03-16,4302,27.85,88.18
PORT-000043,Mawani,Jeddah Islamic Port,2025-02-27,6086,5.68,57.8
PORT-000044,Mawani,King Abdulaziz Port,2025-03-12,2816,34.96,52.12
PORT-000045,Mawani,Jeddah Islamic Port,2025-06-22,5738,16.65,60.35
PORT-000046,Mawani,Jeddah Islamic Port,2025-03-16,2056,10.22,56.46
PORT-000047,Mawani,King Abdullah Port,2025-02-19,6887,25.5,76.12
PORT-000048,Mawani,Jeddah Islamic Port,2025-04-12,6067,11.04,52.5
PORT-000049,Mawani,Jeddah Islamic Port,2025-01-24,874,34.29,69.1
PORT-000050,Mawani,Jazan Port,2025-02-01,4559,2.8,96.71
PORT-000051,Mawani,King Abdulaziz Port,2025-06-01,848,30.47,55.49
PORT-000052,Mawani,King Abdulaziz Port,2025-02-04,3417,31.09,97.97
PORT-000053,Mawani,Jeddah Islamic Port,2025-04-15,7102,2.15,49.07
PORT-000054,Mawani,Jeddah Islamic Port,2025-06-06,6337,24.48,85.2
PORT-000055,Mawani,King Abdullah Port,2025-04-10,880,22.43,71.54
PORT-000056,Mawani,Jazan Port,2025-05-22,6000,41.54,92.27
PORT-000057,Mawani,Jeddah Islamic Port,2025-02-17,1809,39.47,97.85
PORT-000058,Mawani,Jeddah Islamic Port,2025-05-31,974,16.39,67.0
PORT-000059,Mawani,King Abdulaziz Port,2025-06-02,4391,44.41,57.95
PORT-000060,Mawani,Jazan Port,2025-03-27,3968,30.75,71.36
PORT-000061,Mawani,King Abdullah Port,2025-06-02,1080,46.12,93.12
PORT-000062,Mawani,Jeddah Islamic Port,2025-06-08,5671,10.65,64.5
PORT-000063,Mawani,King Abdullah Port,2025-02-04,7357,3.25,61.5
PORT-000064,Mawani,Jeddah Islamic Port,2025-02-01,7233,25.48,85.91
PORT-000065,Mawani,King Abdullah Port,2025-01-28,4517,14.38,57.26
PORT-000066,Mawani,Jazan Port,2025-03-29,6965,1.75,52.38
PORT-000067,Mawani,Jazan Port,2025-02-19,1497,39.21,53.36
PORT-000068,Mawani,King Abdulaziz Port,2025-06-05,5031,24.53,48.9
PORT-000069,Mawani,Jazan Port,2025-03-12,2845,16.54,49.07
PORT-000070,Mawani,King Abdullah Port,2025-01-10,5796,35.94,83.73
PORT-000071,Mawani,King Abdulaziz Port,2025-05-14,4491,19.84,84.6
PORT-000072,Mawani,King Abdullah Port,2025-06-11,274,37.46,62.89
PORT-000073,Mawani,Jazan Port,2025-04-12,3611,21.18,86.91
PORT-000074,Mawani,Jeddah Islamic Port,2025-05-13,5782,5.06,84.56
PORT-000075,Mawani,Jazan Port,2025-01-05,7791,2.5,55.23
PORT-000076,Mawani,Jeddah Islamic Port,2025-05-14,7349,10.15,65.7
PORT-000077,Mawani,Jeddah Islamic Port,2025-01-07,3264,7.81,69.15
PORT-000078,Mawani,King Abdullah Port,2025-02-24,918,45.76,85.68
PORT-000079,Mawani,King Abdullah Port,2025-03-29,3014,2.97,67.78
PORT-000080,Mawani,King Abdulaziz Port,2025-04-22,4786,5.67,78.2
PORT-000081,Mawani,Jazan Port,2025-04-19,6350,27.17,92.83
PORT-000082,Mawani,King Abdulaziz Port,2025-05-15,6910,13.03,84.73
PORT-000083,Mawani,Jeddah Islamic Port,2025-01-30,2083,14.94,74.39
PORT-000084,Mawani,Jazan Port,2025-02-19,2906,14.68,70.28
PORT-000085,Mawani,King Abdulaziz Port,2025-04-15,477,10.57,79.19
PORT-000086,Mawani,Jeddah Islamic Port,2025-01-14,939,32.18,68.93
PORT-000087,Mawani,Jeddah Islamic Port,2025-06-05,6835,2.76,64.52
PORT-000088,Mawani,Jeddah Islamic Port,2025-03-16,2440,27.77,94.55
PORT-000089,Mawani,Jazan Port,2025-03-07,4875,38.85,66.35
PORT-000090,Mawani,Jazan Port,2025-06-09,4791,38.88,91.09
PORT-000091,Mawani,King Abdullah Port,2025-05-22,5357,29.22,76.82
PORT-000092,Mawani,Jazan Port,2025-01-23,7383,25.31,52.69
PORT-000093,Mawani,King Abdullah Port,2025-05-29,3246,30.75,75.14
PORT-000094,Mawani,King Abdulaziz Port,2025-03-26,4731,5.39,46.13
PORT-000095,Mawani,King Abdullah Port,2025-05-26,5169,38.13,90.41
PORT-000096,Mawani,King Abdulaziz Port,2025-02-18,987,9.29,86.36
PORT-000097,Mawani,King Abdulaziz Port,2025-03-17,6494,7.21,96.36
PORT-000098,Mawani,Jazan Port,2025-05-25,4686,46.13,47.9
PORT-000099,Mawani,Jeddah Islamic Port,2025-05-23,3974,7.86,78.93
PORT-000100,Mawani,Jazan Port,2025-04-17,7404,1.95,68.43
PORT-000101,Mawani,King Abdulaziz Port,2025-03-21,4701,45.29,83.39
PORT-000102,Mawani,King Abdulaziz Port,2025-03-25,5589,31.97,93.12
PORT-000103,Mawani,King Abdulaziz Port,2025-05-14,1234,31.72,74.74
PORT-000104,Mawani,Jeddah Islamic Port,2025-03-14,6883,0.65,63.27
PORT-000105,Mawani,Jazan Port,2025-06-19,1065,47.13,92.82
PORT-000106,Mawani,Jazan Port,2025-03-29,345,26.59,90.0
PORT-000107,Mawani,King Abdulaziz Port,2025-04-14,4937,36.75,73.86
PORT-000108,Mawani,King Abdulaziz Port,2025-04-22,5514,13.14,86.53
PORT-000109,Mawani,Jazan Port,2025-05-27,3199,16.87,78.41
PORT-000110,Mawani,King Abdulaziz Port,2025-01-04,4702,23.39,67.58
PORT-000111,Mawani,King Abdulaziz Port,2025-02-18,6712,25.6,75.29
PORT-000112,Mawani,Jeddah Islamic Port,2025-03-06,7008,9.62,59.15
PORT-000113,Mawani,King Abdulaziz Port,2025-03-03,4913,38.32,61.47
PORT-000114,Mawani,King Abdullah Port,2025-06-10,7464,2.43,46.56
PORT-000115,Mawani,King Abdulaziz Port,2025-05-03,6263,11.13,45.35
PORT-000116,Mawani,Jazan Port,2025-06-03,3300,43.6,65.63
PORT-000117,Mawani,Jeddah Islamic Port,2025-01-30,6929,47.03,65.52
PORT-000118,Mawani,King Abdulaziz Port,2025-01-20,765,32.24,88.16
PORT-000119,Mawani,King Abdullah Port,2025-01-07,492,45.4,64.89
PORT-000120,Mawani,Jeddah Islamic Port,2025-06-06,5410,13.76,60.53
PORT-000121,Mawani,Jeddah Islamic Port,2025-03-24,545,22.02,86.0
PORT-000122,Mawani,King Abdulaziz Port,2025-05-30,7877,21.56,66.79
PORT-000123,Mawani,King Abdulaziz Port,2025-01-13,6079,18.0,78.79
PORT-000124,Mawani,King Abdullah Port,2025-01-05,7437,24.03,68.46
PORT-000125,Mawani,King Abdullah Port,2025-04-11,1429,3.26,94.98
PORT-000126,Mawani,King Abdulaziz Port,2025-04-14,6350,41.49,80.58
PORT-000127,Mawani,King Abdulaziz Port,2025-03-30,259,26.88,49.88
PORT-000128,Mawani,Jazan Port,2025-06-10,6866,23.02,65.38
PORT-000129,Mawani,Jeddah Islamic Port,2025-02-11,4731,33.72,76.9
PORT-000130,Mawani,King Abdullah Port,2025-01-06,3354,44.99,80.76
PORT-000131,Mawani,King Abdullah Port,2025-01-18,1699,9.93,69.05
PORT-000132,Mawani,Jeddah Islamic Port,2025-02-03,7916,44.74,63.97
PORT-000133,Mawani,King Abdulaziz Port,2025-02-21,2924,44.0,66.27
PORT-000134,Mawani,Jazan Port,2025-05-20,7695,4.26,45.56
PORT-000135,Mawani,King Abdulaziz Port,2025-06-23,932,4.23,53.66
PORT-000136,Mawani,Jazan Port,2025-01-29,1892,36.14,57.61
PORT-000137,Mawani,King Abdullah Port,2025-02-03,3931,24.05,75.39
PORT-000138,Mawani,King Abdullah Port,2025-04-07,1093,9.54,68.72
PORT-000139,Mawani,King Abdullah Port,2025-03-20,2267,28.65,83.48
PORT-000140,Mawani,King Abdulaziz Port,2025-05-29,2746,2.77,90.8
PORT-000141,Mawani,King Abdullah Port,2025-05-11,452,46.72,50.01
PORT-000142,Mawani,King Abdullah Port,2025-03-14,533,11.73,55.86
PORT-000143,Mawani,King Abdullah Port,2025-01-27,3363,22.84,50.74
PORT-000144,Mawani,King Abdulaziz Port,2025-04-29,6169,38.07,80.37
PORT-000145,Mawani,King Abdulaziz Port,2025-02-17,715,1.17,53.56
PORT-000146,Mawani,Jeddah Islamic Port,2025-05-06,7425,39.48,73.42
PORT-000147,Mawani,King Abdulaziz Port,2025-01-27,5246,9.69,72.53
PORT-000148,Mawani,Jazan Port,2025-02-13,4790,26.44,83.93
PORT-000149,Mawani,Jazan Port,2025-06-25,5068,21.3,85.17
PORT-000150,Mawani,King Abdulaziz Port,2025-05-19,2090,42.14,89.95
PORT-000151,Mawani,King Abdulaziz Port,2025-05-20,5683,47.81,66.65
PORT-000152,Mawani,King Abdullah Port,2025-02-28,4789,36.14,95.87
PORT-000153,Mawani,Jeddah Islamic Port,2025-05-07,6535,33.88,73.86
PORT-000154,Mawani,Jazan Port,2025-04-14,5676,44.54,51.31
PORT-000155,Mawani,Jazan Port,2025-06-29,600,19.63,94.72
PORT-000156,Mawani,King Abdulaziz Port,2025-04-14,4345,37.54,52.77
PORT-000157,Mawani,Jeddah Islamic Port,2025-04-04,6363,0.61,73.65
PORT-000158,Mawani,Jeddah Islamic Port,2025-06-18,6986,8.62,56.87
PORT-000159,Mawani,King Abdullah Port,2025-03-25,5620,8.06,97.58
PORT-000160,Mawani,King Abdullah Port,2025-01-04,6467,16.41,97.41
PORT-000161,Mawani,Jeddah Islamic Port,2025-06-25,2270,19.73,52.97
PORT-000162,Mawani,Jeddah Islamic Port,2025-05-14,5435,37.08,54.23
PORT-000163,Mawani,King Abdulaziz Port,2025-03-25,4751,19.4,69.21
PORT-000164,Mawani,Jeddah Islamic Port,2025-05-23,4938,25.88,81.14
PORT-000165,Mawani,King Abdulaziz Port,2025-04-21,5207,29.43,60.31
PORT-000166,Mawani,Jeddah Islamic Port,2025-02-10,1139,42.88,47.0
PORT-000167,Mawani,King Abdullah Port,2025-01-09,7893,29.25,83.67
PORT-000168,Mawani,Jazan Port,2025-06-03,5971,33.34,71.89
PORT-000169,Mawani,King Abdullah Port,2025-06-15,1164,14.66,77.1
PORT-000170,Mawani,Jeddah Islamic Port,2025-06-15,788,13.97,68.95
PORT-000171,Mawani,Jazan Port,2025-01-10,5795,31.6,49.86
PORT-000172,Mawani,King Abdulaziz Port,2025-03-02,7433,26.34,68.72
PORT-000173,Mawani,Jazan Port,2025-02-20,4517,37.03,79.81
PORT-000174,Mawani,Jeddah Islamic Port,2025-06-07,3802,13.56,86.35
PORT-000175,Mawani,Jeddah Islamic Port,2025-06-10,5536,46.73,71.23
PORT-000176,Mawani,Jazan Port,2025-04-09,4539,7.62,78.05
PORT-000177,Mawani,Jazan Port,2025-05-10,4173,34.63,53.16
PORT-000178,Mawani,King Abdulaziz Port,2025-03-23,4328,27.9,71.18
PORT-000179,Mawani,Jeddah Islamic Port,2025-06-14,4459,15.62,72.79
PORT-000180,Mawani,Jazan Port,2025-06-14,1625,32.91,87.0
PORT-000181,Mawani,King Abdullah Port,2025-01-14,5797,13.29,46.58
PORT-000182,Mawani,King Abdullah Port,2025-04-10,3220,35.07,62.59
PORT-000183,Mawani,Jazan Port,2025-05-26,413,1.96,51.62
PORT-000184,Mawani,King Abdullah Port,2025-05-19,1541,37.47,63.16
PORT-000185,Mawani,King Abdullah Port,2025-03-10,2157,9.17,72.75
PORT-000186,Mawani,Jazan Port,2025-06-01,3328,9.82,63.71
PORT-000187,Mawani,King Abdullah Port,2025-02-17,5328,12.21,95.44
PORT-000188,Mawani,King Abdullah Port,2025-04-11,6901,41.65,90.91
PORT-000189,Mawani,King Abdulaziz Port,2025-05-20,7968,43.32,75.35
PORT-000190,Mawani,Jeddah Islamic Port,2025-03-29,3416,8.31,49.22
PORT-000191,Mawani,King Abdullah Port,2025-02-17,4466,36.67,83.29
PORT-000192,Mawani,Jazan Port,2025-02-15,7587,45.39,65.62
PORT-000193,Mawani,King Abdulaziz Port,2025-04-14,7850,28.48,91.02
PORT-000194,Mawani,King Abdulaziz Port,2025-03-29,4439,29.38,81.38
PORT-000195,Mawani,Jeddah Islamic Port,2025-02-27,7148,47.59,71.74
PORT-000196,Mawani,Jazan Port,2025-04-05,3096,1.72,79.23
PORT-000197,Mawani,King Abdullah Port,2025-04-09,7878,40.88,62.19
PORT-000198,Mawani,King Abdullah Port,2025-05-05,6432,32.8,88.72
PORT-000199,Mawani,King Abdulaziz Port,2025-01-02,1690,15.06,78.03
PORT-000200,Mawani,Jeddah Islamic Port,2025-01-29,7586,23.36,70.67
PORT-000201,Mawani,Jeddah Islamic Port,2025-02-20,4372,40.07,62.68
PORT-000202,Mawani,King Abdulaziz Port,2025-03-10,6599,2.29,89.44
PORT-000203,Mawani,King Abdulaziz Port,2025-04-11,2619,4.69,60.56
PORT-000204,Mawani,Jeddah Islamic Port,2025-03-25,6879,16.07,50.68
PORT-000205,Mawani,King Abdulaziz Port,2025-04-04,5173,42.59,88.33
PORT-000206,Mawani,Jazan Port,2025-05-15,897,11.81,67.59
PORT-000207,Mawani,King Abdullah Port,2025-01-12,231,46.09,59.08
PORT-000208,Mawani,King Abdulaziz Port,2025-06-28,7180,31.06,50.78
PORT-000209,Mawani,Jeddah Islamic Port,2025-01-10,6459,17.31,69.2
PORT-000210,Mawani,Jeddah Islamic Port,2025-06-28,4947,25.38,74.76
PORT-000211,Mawani,King Abdulaziz Port,2025-05-03,155,13.4,51.88
PORT-000212,Mawani,King Abdullah Port,2025-04-13,1433,42.78,94.56
PORT-000213,Mawani,Jazan Port,2025-04-17,578,45.89,90.79
PORT-000214,Mawani,Jazan Port,2025-04-26,4514,21.5,60.83
PORT-000215,Mawani,King Abdulaziz Port,2025-02-05,4136,34.04,72.04
PORT-000216,Mawani,King Abdullah Port,2025-05-19,5278,16.63,76.18
PORT-000217,Mawani,King Abdullah Port,2025-03-23,6552,34.35,77.52
PORT-000218,Mawani,King Abdulaziz Port,2025-05-09,1155,14.97,77.56
PORT-000219,Mawani,Jeddah Islamic Port,2025-01-22,6755,33.43,97.23
PORT-000220,Mawani,Jeddah Islamic Port,2025-02-04,7739,40.92,91.77
PORT-000221,Mawani,Jeddah Islamic Port,2025-02-09,6666,15.07,78.88
PORT-000222,Mawani,King Abdulaziz Port,2025-01-19,7951,11.73,79.06
PORT-000223,Mawani,Jeddah Islamic Port,2025-03-25,7214,15.58,56.04
PORT-000224,Mawani,King Abdullah Port,2025-03-29,4036,2.1,55.82
PORT-000225,Mawani,Jazan Port,2025-05-23,6146,9.15,50.32
PORT-000226,Mawani,King Abdullah Port,2025-03-14,7072,25.19,77.7
PORT-000227,Mawani,Jazan Port,2025-05-31,5178,47.77,71.0
PORT-000228,Mawani,Jazan Port,2025-06-26,7773,11.05,68.8
PORT-000229,Mawani,Jazan Port,2025-03-16,5368,20.13,84.59
PORT-000230,Mawani,King Abdulaziz Port,2025-04-04,7030,24.98,84.15
PORT-000231,Mawani,King Abdulaziz Port,2025-04-05,2458,10.43,95.81
PORT-000232,Mawani,King Abdulaziz Port,2025-02-14,5896,26.31,88.27
PORT-000233,Mawani,King Abdulaziz Port,2025-02-18,6951,3.49,55.61
PORT-000234,Mawani,King Abdulaziz Port,2025-06-15,158,30.28,78.08
PORT-000235,Mawani,Jeddah Islamic Port,2025-04-07,6148,0.89,49.76
PORT-000236,Mawani,King Abdulaziz Port,2025-04-17,2249,23.75,55.81
PORT-000237,Mawani,Jazan Port,2025-03-30,298,25.79,85.65
PORT-000238,Mawani,Jazan Port,2025-05-13,5884,4.64,69.17
PORT-000239,Mawani,King Abdulaziz Port,2025-03-31,4032,22.55,58.8
PORT-000240,Mawani,King Abdullah Port,2025-05-24,5242,13.12,52.19
PORT-000241,Mawani,King Abdulaziz Port,2025-05-27,7817,2.05,52.55
PORT-000242,Mawani,Jeddah Islamic Port,2025-05-11,6790,37.34,80.5
PORT-000243,Mawani,Jazan Port,2025-04-08,7469,31.74,57.78
PORT-000244,Mawani,Jeddah Islamic Port,2025-04-11,534,26.6,54.63
PORT-000245,Mawani,Jazan Port,2025-01-31,5387,22.77,48.36
PORT-000246,Mawani,King Abdulaziz Port,2025-02-20,3728,37.89,83.6
PORT-000247,Mawani,King Abdulaziz Port,2025-01-08,2769,9.13,53.23
PORT-000248,Mawani,King Abdulaziz Port,2025-04-16,7321,8.63,50.34
PORT-000249,Mawani,Jazan Port,2025-03-25,5484,41.06,48.99
PORT-000250,Mawani,King Abdullah Port,2025-03-02,4631,26.66,57.53
PORT-000251,Mawani,King Abdulaziz Port,2025-03-25,5451,17.78,96.1
PORT-000252,Mawani,King Abdulaziz Port,2025-03-23,4654,45.14,59.14
PORT-000253,Mawani,Jeddah Islamic Port,2025-05-06,6037,31.12,84.07
PORT-000254,Mawani,Jazan Port,2025-02-26,1423,38.89,60.36
PORT-000255,Mawani,Jeddah Islamic Port,2025-05-27,2824,12.9,58.46
PORT-000256,Mawani,Jazan Port,2025-06-06,5961,34.94,54.56
PORT-000257,Mawani,Jazan Port,2025-06-04,6857,40.78,75.86
PORT-000258,Mawani,Jeddah Islamic Port,2025-02-17,4777,8.78,48.7
PORT-000259,Mawani,Jeddah Islamic Port,2025-03-26,2119,32.17,76.58
PORT-000260,Mawani,Jazan Port,2025-01-29,1855,23.79,92.46
PORT-000261,Mawani,King Abdullah Port,2025-02-05,4847,45.68,95.13
PORT-000262,Mawani,King Abdulaziz Port,2025-02-03,1322,1.83,80.79
PORT-000263,Mawani,Jeddah Islamic Port,2025-02-04,6598,17.8,83.65
PORT-000264,Mawani,Jeddah Islamic Port,2025-05-21,1643,8.73,91.82
PORT-000265,Mawani,King Abdullah Port,2025-05-22,4105,29.31,94.81
PORT-000266,Mawani,Jazan Port,2025-05-13,4224,24.53,75.15
PORT-000267,Mawani,King Abdullah Port,2025-06-25,1825,33.43,83.27
PORT-000268,Mawani,King Abdullah Port,2025-06-20,4313,17.47,57.55
PORT-000269,Mawani,Jazan Port,2025-01-16,6642,40.3,84.78
PORT-000270,Mawani,Jeddah Islamic Port,2025-02-21,242,13.71,61.01
PORT-000271,Mawani,Jazan Port,2025-06-15,771,39.2,90.32
PORT-000272,Mawani,King Abdullah Port,2025-01-29,3870,3.65,89.26
PORT-000273,Mawani,King Abdulaziz Port,2025-02-23,7243,35.08,92.62
PORT-000274,Mawani,Jeddah Islamic Port,2025-01-06,6481,7.59,75.59
PORT-000275,Mawani,King Abdullah Port,2025-06-19,296,4.89,55.54
PORT-000276,Mawani,King Abdullah Port,2025-06-17,7209,35.41,55.22
PORT-000277,Mawani,King Abdulaziz Port,2025-01-02,4823,20.24,69.92
PORT-000278,Mawani,King Abdulaziz Port,2025-06-25,4961,24.24,77.26
PORT-000279,Mawani,Jeddah Islamic Port,2025-02-07,3358,2.8,53.0
PORT-000280,Mawani,King Abdulaziz Port,2025-01-30,1797,7.98,90.94
PORT-000281,Mawani,Jazan Port,2025-04-15,3922,36.25,52.4
PORT-000282,Mawani,Jeddah Islamic Port,2025-06-05,6419,35.94,49.73
PORT-000283,Mawani,Jeddah Islamic Port,2025-04-08,3398,5.46,93.4
PORT-000284,Mawani,Jeddah Islamic Port,2025-01-31,5158,34.78,68.66
PORT-000285,Mawani,King Abdullah Port,2025-06-19,6183,44.46,85.28
PORT-000286,Mawani,King Abdulaziz Port,2025-02-20,7681,30.09,83.67
PORT-000287,Mawani,Jeddah Islamic Port,2025-03-17,4784,9.64,65.16
PORT-000288,Mawani,King Abdulaziz Port,2025-05-18,209,31.87,69.13
PORT-000289,Mawani,King Abdullah Port,2025-05-14,948,7.61,86.61
PORT-000290,Mawani,King Abdulaziz Port,2025-01-26,838,14.01,86.86
PORT-000291,Mawani,Jazan Port,2025-06-10,4399,7.18,62.87
PORT-000292,Mawani,Jeddah Islamic Port,2025-05-28,5547,16.02,52.14
PORT-000293,Mawani,King Abdullah Port,2025-04-07,1155,1.31,88.63
PORT-000294,Mawani,King Abdulaziz Port,2025-06-29,7037,17.92,96.29
PORT-000295,Mawani,Jazan Port,2025-01-17,6739,35.75,79.72
PORT-000296,Mawani,King Abdulaziz Port,2025-06-20,4760,28.82,51.79
PORT-000297,Mawani,Jazan Port,2025-01-05,6459,5.12,96.35
PORT-000298,Mawani,Jeddah Islamic Port,2025-02-06,2356,9.56,94.56
PORT-000299,Mawani,King Abdullah Port,2025-05-19,3103,18.9,85.42
PORT-000300,Mawani,King Abdulaziz Port,2025-02-24,7033,1.78,94.9
PORT-000301,Mawani,King Abdulaziz Port,2025-01-07,1253,47.53,94.3
PORT-000302,Mawani,Jazan Port,2025-02-01,3064,29.68,70.4
PORT-000303,Mawani,Jazan Port,2025-03-13,594,8.4,77.83
PORT-000304,Mawani,Jazan Port,2025-01-22,3632,20.74,76.31
PORT-000305,Mawani,Jazan Port,2025-02-28,1164,6.51,59.91
PORT-000306,Mawani,Jeddah Islamic Port,2025-03-29,2716,12.9,90.79
PORT-000307,Mawani,Jeddah Islamic Port,2025-02-26,5844,34.24,60.13
PORT-000308,Mawani,King Abdulaziz Port,2025-01-16,1121,1.3,64.25
PORT-000309,Mawani,Jazan Port,2025-05-08,4723,43.92,78.91
PORT-000310,Mawani,King Abdullah Port,2025-04-19,7415,37.87,78.01
PORT-000311,Mawani,King Abdullah Port,2025-04-24,4934,32.66,97.9
PORT-000312,Mawani,King Abdullah Port,2025-03-14,3582,40.57,95.13
PORT-000313,Mawani,King Abdullah Port,2025-05-03,6994,5.56,89.35
PORT-000314,Mawani,King Abdullah Port,2025-04-29,3656,0.63,47.34
PORT-000315,Mawani,Jeddah Islamic Port,2025-01-31,6631,37.72,51.5
PORT-000316,Mawani,King Abdulaziz Port,2025-01-07,6703,43.79,87.0
PORT-000317,Mawani,King Abdulaziz Port,2025-01-26,3780,19.44,85.46
PORT-000318,Mawani,Jeddah Islamic Port,2025-05-06,1426,20.63,47.26
PORT-000319,Mawani,Jeddah Islamic Port,2025-05-13,898,39.09,80.52
PORT-000320,Mawani,Jazan Port,2025-01-28,1313,28.66,91.03
PORT-000321,Mawani,Jeddah Islamic Port,2025-03-29,5869,3.39,49.48
PORT-000322,Mawani,Jeddah Islamic Port,2025-04-15,3810,5.33,47.86
PORT-000323,Mawani,King Abdulaziz Port,2025-03-27,752,46.52,88.09
PORT-000324,Mawani,King Abdullah Port,2025-04-03,4447,45.81,71.08
PORT-000325,Mawani,King Abdulaziz Port,2025-04-13,1533,5.92,55.42
PORT-000326,Mawani,Jeddah Islamic Port,2025-05-25,3664,9.13,73.18
PORT-000327,Mawani,King Abdullah Port,2025-04-25,3589,33.91,76.6
PORT-000328,Mawani,Jazan Port,2025-01-08,1775,6.22,45.29
PORT-000329,Mawani,King Abdulaziz Port,2025-06-21,6683,41.93,55.62
PORT-000330,Mawani,Jazan Port,2025-02-10,6838,38.97,94.75
PORT-000331,Mawani,King Abdullah Port,2025-04-22,7387,19.2,88.63
PORT-000332,Mawani,Jeddah Islamic Port,2025-04-01,4893,3.54,57.75
PORT-000333,Mawani,King Abdulaziz Port,2025-06-29,7093,23.06,46.7
PORT-000334,Mawani,King Abdullah Port,2025-04-14,3498,20.71,61.46
PORT-000335,Mawani,King Abdullah Port,2025-06-10,4927,1.68,48.59
PORT-000336,Mawani,Jeddah Islamic Port,2025-01-13,3761,28.45,80.33
PORT-000337,Mawani,Jeddah Islamic Port,2025-03-06,405,1.43,79.72
PORT-000338,Mawani,King Abdulaziz Port,2025-05-20,6393,45.22,48.6
PORT-000339,Mawani,King Abdullah Port,2025-05-27,124,15.46,80.39
PORT-000340,Mawani,Jeddah Islamic Port,2025-03-23,6526,8.68,58.54
PORT-000341,Mawani,Jeddah Islamic Port,2025-05-31,2538,31.21,76.69
PORT-000342,Mawani,Jazan Port,2025-04-12,6517,29.29,97.45
PORT-000343,Mawani,King Abdulaziz Port,2025-06-15,633,9.94,76.29
PORT-000344,Mawani,Jeddah Islamic Port,2025-04-17,3231,29.14,84.75
PORT-000345,Mawani,Jeddah Islamic Port,2025-04-16,7538,18.65,50.28
PORT-000346,Mawani,King Abdulaziz Port,2025-05-05,2448,45.75,70.71
PORT-000347,Mawani,King Abdullah Port,2025-03-05,2011,39.97,85.4
PORT-000348,Mawani,Jazan Port,2025-02-16,1827,35.51,96.25
PORT-000349,Mawani,King Abdullah Port,2025-05-30,4756,43.82,97.77
PORT-000350,Mawani,Jazan Port,2025-01-04,648,34.3,93.29
PORT-000351,Mawani,King Abdulaziz Port,2025-04-21,7047,47.43,80.0
PORT-000352,Mawani,Jeddah Islamic Port,2025-02-24,3927,2.92,69.42
PORT-000353,Mawani,King Abdulaziz Port,2025-01-28,829,20.01,89.57
PORT-000354,Mawani,Jeddah Islamic Port,2025-06-11,6680,31.87,58.75
PORT-000355,Mawani,Jeddah Islamic Port,2025-03-02,3125,33.01,84.8
PORT-000356,Mawani,Jazan Port,2025-02-07,7451,5.82,96.73
PORT-000357,Mawani,Jeddah Islamic Port,2025-05-18,4225,30.23,96.12
PORT-000358,Mawani,Jeddah Islamic Port,2025-01-19,4577,44.58,92.39
PORT-000359,Mawani,King Abdullah Port,2025-05-17,1232,8.13,51.37
PORT-000360,Mawani,King Abdullah Port,2025-05-14,4303,35.53,57.36
PORT-000361,Mawani,Jazan Port,2025-05-10,3162,21.29,45.61
PORT-000362,Mawani,King Abdulaziz Port,2025-01-16,6750,1.72,73.63
PORT-000363,Mawani,Jazan Port,2025-05-02,2723,22.98,49.97
PORT-000364,Mawani,King Abdulaziz Port,2025-02-18,3215,27.26,60.88
PORT-000365,Mawani,Jazan Port,2025-01-24,6363,31.28,49.45
PORT-000366,Mawani,King Abdulaziz Port,2025-05-11,7398,24.24,88.31
PORT-000367,Mawani,King Abdullah Port,2025-02-12,5014,32.34,74.66
PORT-000368,Mawani,King Abdulaziz Port,2025-04-29,6049,36.23,75.67
PORT-000369,Mawani,Jazan Port,2025-06-20,5305,2.88,47.29
PORT-000370,Mawani,King Abdullah Port,2025-02-28,5944,6.1,92.95
PORT-000371,Mawani,Jeddah Islamic Port,2025-05-29,3569,5.84,67.64
PORT-000372,Mawani,Jazan Port,2025-05-22,5361,12.29,70.84
PORT-000373,Mawani,King Abdulaziz Port,2025-03-27,6021,18.43,50.67
PORT-000374,Mawani,Jazan Port,2025-05-29,6636,41.3,79.91
PORT-000375,Mawani,Jazan Port,2025-02-16,2499,30.9,91.89
PORT-000376,Mawani,Jazan Port,2025-06-29,5340,13.94,77.32
PORT-000377,Mawani,Jazan Port,2025-05-20,2136,34.72,94.58
PORT-000378,Mawani,Jazan Port,2025-01-07,2276,22.02,61.56
PORT-000379,Mawani,Jeddah Islamic Port,2025-04-24,195,7.77,62.91
PORT-000380,Mawani,Jazan Port,2025-02-06,1409,47.11,63.85
PORT-000381,Mawani,King Abdulaziz Port,2025-06-11,3431,13.57,73.98
PORT-000382,Mawani,Jeddah Islamic Port,2025-05-09,4801,46.11,86.27
PORT-000383,Mawani,King Abdullah Port,2025-05-17,3377,25.8,71.6
PORT-000384,Mawani,Jeddah Islamic Port,2025-04-22,1226,47.29,65.94
PORT-000385,Mawani,King Abdulaziz Port,2025-05-15,3746,29.09,48.61
PORT-000386,Mawani,Jeddah Islamic Port,2025-06-09,6924,3.51,60.89
PORT-000387,Mawani,King Abdulaziz Port,2025-01-29,4904,43.06,97.69
PORT-000388,Mawani,King Abdulaziz Port,2025-04-02,5516,36.39,76.78
PORT-000389,Mawani,King Abdulaziz Port,2025-02-22,5955,19.85,57.33
PORT-000390,Mawani,Jazan Port,2025-04-15,7427,0.52,54.89
PORT-000391,Mawani,King Abdulaziz Port,2025-01-12,7623,12.59,74.48
PORT-000392,Mawani,Jeddah Islamic Port,2025-04-13,2823,37.54,82.12
PORT-000393,Mawani,King Abdulaziz Port,2025-04-03,7525,45.92,84.78
PORT-000394,Mawani,Jazan Port,2025-02-07,2247,6.42,50.16
PORT-000395,Mawani,King Abdullah Port,2025-06-16,358,41.97,81.94
PORT-000396,Mawani,King Abdullah Port,2025-01-08,6552,27.44,66.31
PORT-000397,Mawani,Jeddah Islamic Port,2025-05-01,6289,35.67,92.52
PORT-000398,Mawani,Jeddah Islamic Port,2025-05-13,1138,33.76,76.51
PORT-000399,Mawani,Jeddah Islamic Port,2025-05-20,4532,45.93,83.66
PORT-000400,Mawani,Jazan Port,2025-04-29,6926,26.68,50.14
PORT-000401,Mawani,Jeddah Islamic Port,2025-04-24,2318,20.15,89.93
PORT-000402,Mawani,Jeddah Islamic Port,2025-02-27,6979,16.01,54.79
PORT-000403,Mawani,Jazan Port,2025-06-10,3184,45.49,73.93
PORT-000404,Mawani,King Abdulaziz Port,2025-06-28,4865,19.3,77.78
PORT-000405,Mawani,Jazan Port,2025-03-21,7721,24.57,75.06
PORT-000406,Mawani,Jeddah Islamic Port,2025-03-25,2887,28.45,96.88
PORT-000407,Mawani,Jeddah Islamic Port,2025-01-29,1116,29.65,83.29
PORT-000408,Mawani,King Abdulaziz Port,2025-01-15,7020,33.15,70.32
PORT-000409,Mawani,King Abdullah Port,2025-03-05,5809,44.62,92.13
PORT-000410,Mawani,Jeddah Islamic Port,2025-03-31,1028,3.84,49.17
PORT-000411,Mawani,Jeddah Islamic Port,2025-02-28,6920,28.81,84.89
PORT-000412,Mawani,Jazan Port,2025-02-23,3550,15.43,66.77
PORT-000413,Mawani,King Abdulaziz Port,2025-01-26,4316,28.02,62.37
PORT-000414,Mawani,Jeddah Islamic Port,2025-04-08,4077,0.86,46.31
PORT-000415,Mawani,King Abdullah Port,2025-02-04,2547,25.69,75.76
PORT-000416,Mawani,King Abdulaziz Port,2025-01-13,2502,44.22,97.93
PORT-000417,Mawani,King Abdullah Port,2025-05-23,5124,21.16,71.37
PORT-000418,Mawani,Jeddah Islamic Port,2025-03-25,6564,21.2,53.58
PORT-000419,Mawani,King Abdullah Port,2025-03-22,3570,41.6,70.97
PORT-000420,Mawani,Jazan Port,2025-03-29,4503,42.89,75.27
PORT-000421,Mawani,King Abdullah Port,2025-03-23,1908,9.63,71.84
PORT-000422,Mawani,Jeddah Islamic Port,2025-04-19,1171,12.02,86.46
PORT-000423,Mawani,King Abdullah Port,2025-04-14,7275,18.61,51.93
PORT-000424,Mawani,King Abdulaziz Port,2025-04-18,2856,33.78,47.87
PORT-000425,Mawani,Jazan Port,2025-06-11,2836,29.17,63.39
PORT-000426,Mawani,Jeddah Islamic Port,2025-01-03,5791,44.77,67.55
PORT-000427,Mawani,King Abdulaziz Port,2025-01-31,1532,7.73,54.6
PORT-000428,Mawani,Jazan Port,2025-04-20,7999,42.36,81.78
PORT-000429,Mawani,Jazan Port,2025-03-21,3386,6.88,61.75
PORT-000430,Mawani,Jeddah Islamic Port,2025-04-10,327,5.42,54.37
PORT-000431,Mawani,Jeddah Islamic Port,2025-01-24,3151,43.76,90.14
PORT-000432,Mawani,King Abdullah Port,2025-05-17,6628,25.06,65.58
PORT-000433,Mawani,Jeddah Islamic Port,2025-01-02,6329,43.46,73.45
PORT-000434,Mawani,Jeddah Islamic Port,2025-05-02,4923,25.02,65.99
PORT-000435,Mawani,Jazan Port,2025-05-24,1147,9.8,49.19
PORT-000436,Mawani,King Abdullah Port,2025-04-24,7724,37.82,45.72
PORT-000437,Mawani,King Abdullah Port,2025-04-25,1205,47.73,66.65
PORT-000438,Mawani,King Abdullah Port,2025-02-12,5331,39.07,49.04
PORT-000439,Mawani,Jeddah Islamic Port,2025-02-12,538,10.18,58.32
PORT-000440,Mawani,Jazan Port,2025-03-29,1967,20.93,81.91
PORT-000441,Mawani,Jazan Port,2025-05-17,493,22.41,63.57
PORT-000442,Mawani,King Abdulaziz Port,2025-04-05,2268,45.53,54.27
PORT-000443,Mawani,King Abdulaziz Port,2025-02-01,5602,26.98,84.81
PORT-000444,Mawani,King Abdullah Port,2025-03-06,3065,38.35,96.94
PORT-000445,Mawani,King Abdullah Port,2025-01-13,357,32.6,67.75
PORT-000446,Mawani,King Abdullah Port,2025-06-17,3109,14.05,69.76
PORT-000447,Mawani,King Abdulaziz Port,2025-02-20,7026,42.3,50.9
PORT-000448,Mawani,King Abdulaziz Port,2025-02-09,7756,34.36,68.71
PORT-000449,Mawani,Jazan Port,2025-06-24,7801,29.99,88.23
PORT-000450,Mawani,Jeddah Islamic Port,2025-04-26,3691,43.31,66.1
PORT-000451,Mawani,King Abdulaziz Port,2025-03-04,5543,14.44,79.0
PORT-000452,Mawani,King Abdulaziz Port,2025-05-06,1490,1.96,90.98
PORT-000453,Mawani,Jazan Port,2025-06-25,1490,39.43,92.58
PORT-000454,Mawani,King Abdullah Port,2025-01-04,5466,26.29,87.46
PORT-000455,Mawani,Jeddah Islamic Port,2025-06-05,6522,18.88,58.09
PORT-000456,Mawani,Jeddah Islamic Port,2025-03-07,2794,34.45,55.3
PORT-000457,Mawani,Jazan Port,2025-06-05,6594,47.0,62.22
PORT-000458,Mawani,King Abdulaziz Port,2025-03-10,5212,42.96,62.54
PORT-000459,Mawani,King Abdulaziz Port,2025-03-20,196,2.2,93.8
PORT-000460,Mawani,Jeddah Islamic Port,2025-05-12,666,34.47,66.01
PORT-000461,Mawani,Jazan Port,2025-05-10,2447,24.92,48.55
PORT-000462,Mawani,Jazan Port,2025-03-30,1511,13.75,58.48
PORT-000463,Mawani,King Abdullah Port,2025-03-08,2245,20.81,88.77
PORT-000464,Mawani,King Abdulaziz Port,2025-05-17,7300,17.68,48.5
PORT-000465,Mawani,King Abdulaziz Port,2025-04-26,5871,37.75,50.68
PORT-000466,Mawani,King Abdullah Port,2025-03-03,5372,28.8,52.8
PORT-000467,Mawani,Jazan Port,2025-05-09,4298,31.9,91.33
PORT-000468,Mawani,Jazan Port,2025-06-09,4752,28.02,97.37
PORT-000469,Mawani,King Abdulaziz Port,2025-06-26,5005,3.39,97.64
PORT-000470,Mawani,King Abdullah Port,2025-05-04,4841,33.9,89.39
PORT-000471,Mawani,Jeddah Islamic Port,2025-03-12,6979,21.85,52.29
PORT-000472,Mawani,Jazan Port,2025-03-01,398,38.99,90.68
PORT-000473,Mawani,Jazan Port,2025-03-06,1533,13.22,92.94
PORT-000474,Mawani,King Abdulaziz Port,2025-06-01,3782,8.23,57.48
PORT-000475,Mawani,Jeddah Islamic Port,2025-02-08,1023,47.3,79.96
PORT-000476,Mawani,Jazan Port,2025-01-08,3310,44.2,53.33
PORT-000477,Mawani,King Abdulaziz Port,2025-02-14,4335,41.68,93.98
PORT-000478,Mawani,King Abdulaziz Port,2025-02-12,1293,6.25,88.26
PORT-000479,Mawani,Jeddah Islamic Port,2025-02-17,1984,8.85,45.11
PORT-000480,Mawani,Jeddah Islamic Port,2025-06-27,4376,18.83,68.0
PORT-000481,Mawani,Jeddah Islamic Port,2025-01-12,7555,1.92,89.59
PORT-000482,Mawani,Jazan Port,2025-04-09,1096,1.03,49.43
PORT-000483,Mawani,King Abdullah Port,2025-02-18,3152,18.73,49.93
PORT-000484,Mawani,Jeddah Islamic Port,2025-03-02,7454,26.77,94.21
PORT-000485,Mawani,King Abdulaziz Port,2025-06-14,7828,4.54,72.05
PORT-000486,Mawani,Jeddah Islamic Port,2025-05-04,2363,20.5,84.81
PORT-000487,Mawani,King Abdulaziz Port,2025-02-19,2679,15.19,90.92
PORT-000488,Mawani,King Abdullah Port,2025-06-23,6572,5.14,45.19
PORT-000489,Mawani,Jeddah Islamic Port,2025-04-28,6942,36.2,93.55
PORT-000490,Mawani,Jeddah Islamic Port,2025-04-05,6795,39.24,95.0
PORT-000491,Mawani,Jazan Port,2025-04-23,6932,4.04,46.04
PORT-000492,Mawani,Jeddah Islamic Port,2025-04-22,3645,46.69,80.43
PORT-000493,Mawani,Jazan Port,2025-03-10,853,4.01,92.96
PORT-000494,Mawani,Jazan Port,2025-04-05,2550,41.71,82.57
PORT-000495,Mawani,King Abdulaziz Port,2025-03-14,112,38.87,73.71
PORT-000496,Mawani,Jeddah Islamic Port,2025-04-13,5130,39.35,93.56
PORT-000497,Mawani,King Abdullah Port,2025-06-08,3945,2.49,77.6
PORT-000498,Mawani,King Abdullah Port,2025-05-24,6327,9.75,67.24
PORT-000499,Mawani,King Abdulaziz Port,2025-03-17,4638,7.19,73.32
PORT-000500,Mawani,Jazan Port,2025-02-10,3281,29.33,86.6
PORT-000501,Mawani,King Abdulaziz Port,2025-05-19,3650,27.01,72.56
PORT-000502,Mawani,Jeddah Islamic Port,2025-05-01,4434,47.76,80.0
PORT-000503,Mawani,Jazan Port,2025-06-07,695,17.79,64.66
PORT-000504,Mawani,Jazan Port,2025-02-16,3073,22.04,49.11
PORT-000505,Mawani,Jazan Port,2025-04-07,291,33.43,57.55
PORT-000506,Mawani,Jeddah Islamic Port,2025-01-23,1187,21.0,82.18
PORT-000507,Mawani,King Abdullah Port,2025-04-27,7057,46.26,72.66
PORT-000508,Mawani,King Abdulaziz Port,2025-04-08,220,14.88,49.17
PORT-000509,Mawani,Jeddah Islamic Port,2025-05-27,3119,44.89,94.86
PORT-000510,Mawani,Jazan Port,2025-04-03,2849,24.75,96.49
PORT-000511,Mawani,Jeddah Islamic Port,2025-04-28,4086,22.2,82.42
PORT-000512,Mawani,King Abdulaziz Port,2025-05-05,2531,18.79,54.8
PORT-000513,Mawani,Jeddah Islamic Port,2025-01-25,4538,32.47,89.24
PORT-000514,Mawani,King Abdulaziz Port,2025-03-13,852,29.41,76.39
PORT-000515,Mawani,King Abdulaziz Port,2025-04-22,2281,8.91,52.47
PORT-000516,Mawani,Jazan Port,2025-03-27,4296,28.41,68.81
PORT-000517,Mawani,King Abdullah Port,2025-04-04,2282,44.02,50.58
PORT-000518,Mawani,King Abdullah Port,2025-06-24,2505,18.21,89.17
PORT-000519,Mawani,Jeddah Islamic Port,2025-03-23,3664,37.53,51.7
PORT-000520,Mawani,King Abdulaziz Port,2025-02-02,7018,41.81,71.34
PORT-000521,Mawani,Jeddah Islamic Port,2025-05-28,247,45.06,47.64
PORT-000522,Mawani,Jazan Port,2025-02-26,7680,33.95,63.14
PORT-000523,Mawani,King Abdullah Port,2025-01-14,3863,8.65,88.85
PORT-000524,Mawani,King Abdullah Port,2025-05-01,1555,24.4,93.74
PORT-000525,Mawani,King Abdullah Port,2025-03-13,141,3.27,70.73
PORT-000526,Mawani,King Abdulaziz Port,2025-02-11,5743,12.94,68.99
PORT-000527,Mawani,Jeddah Islamic Port,2025-02-04,3538,3.94,94.9
PORT-000528,Mawani,King Abdullah Port,2025-01-02,4044,3.63,86.67
PORT-000529,Mawani,Jeddah Islamic Port,2025-01-24,1051,27.78,96.66
PORT-000530,Mawani,King Abdulaziz Port,2025-04-29,7357,38.84,97.0
PORT-000531,Mawani,Jeddah Islamic Port,2025-03-22,1623,20.8,84.62
PORT-000532,Mawani,Jeddah Islamic Port,2025-04-03,1962,45.48,90.7
PORT-000533,Mawani,Jazan Port,2025-01-14,6824,27.55,55.58
PORT-000534,Mawani,Jeddah Islamic Port,2025-04-29,680,38.96,76.46
PORT-000535,Mawani,Jeddah Islamic Port,2025-01-02,7939,23.48,93.02
PORT-000536,Mawani,Jeddah Islamic Port,2025-05-10,4802,37.8,74.77
PORT-000537,Mawani,King Abdullah Port,2025-06-28,2500,11.28,79.23
PORT-000538,Mawani,Jazan Port,2025-04-16,4958,26.88,56.31
PORT-000539,Mawani,Jazan Port,2025-03-30,1177,28.77,59.79
PORT-000540,Mawani,Jazan Port,2025-01-30,3486,40.23,49.67
PORT-000541,Mawani,King Abdulaziz Port,2025-05-02,1756,38.73,87.98
PORT-000542,Mawani,Jeddah Islamic Port,2025-02-24,7486,37.1,85.99
PORT-000543,Mawani,Jeddah Islamic Port,2025-03-08,2822,2.66,63.65
PORT-000544,Mawani,Jazan Port,2025-02-26,5708,9.2,69.82
PORT-000545,Mawani,King Abdullah Port,2025-02-24,7322,37.72,83.6
PORT-000546,Mawani,Jazan Port,2025-03-07,4392,36.79,88.66
PORT-000547,Mawani,King Abdullah Port,2025-02-08,3546,25.67,66.5
PORT-000548,Mawani,King Abdullah Port,2025-05-20,3666,2.35,67.75
PORT-000549,Mawani,King Abdulaziz Port,2025-05-31,4588,10.9,83.04
PORT-000550,Mawani,King Abdullah Port,2025-03-18,7726,26.24,55.35
PORT-000551,Mawani,King Abdullah Port,2025-02-15,2704,38.51,65.28
PORT-000552,Mawani,King Abdullah Port,2025-04-14,7595,7.05,47.51
PORT-000553,Mawani,King Abdullah Port,2025-01-14,3749,39.27,94.13
PORT-000554,Mawani,Jeddah Islamic Port,2025-04-11,3049,21.83,62.78
PORT-000555,Mawani,Jeddah Islamic Port,2025-04-04,7971,19.36,55.92
PORT-000556,Mawani,King Abdulaziz Port,2025-01-03,4966,2.12,94.66
PORT-000557,Mawani,King Abdullah Port,2025-01-28,448,23.94,82.09
PORT-000558,Mawani,Jeddah Islamic Port,2025-06-20,5015,5.33,57.38
PORT-000559,Mawani,Jeddah Islamic Port,2025-01-26,3890,37.5,94.89
PORT-000560,Mawani,Jeddah Islamic Port,2025-06-03,5725,1.41,62.41
PORT-000561,Mawani,King Abdullah Port,2025-06-30,7820,21.65,65.62
PORT-000562,Mawani,King Abdulaziz Port,2025-02-13,5292,1.63,83.01
PORT-000563,Mawani,King Abdullah Port,2025-03-01,2681,39.33,94.4
PORT-000564,Mawani,Jeddah Islamic Port,2025-06-24,1551,47.92,92.33
PORT-000565,Mawani,King Abdulaziz Port,2025-02-16,3685,43.3,86.6
PORT-000566,Mawani,King Abdullah Port,2025-01-16,186,8.0,67.14
PORT-000567,Mawani,Jeddah Islamic Port,2025-01-21,2717,5.77,56.37
PORT-000568,Mawani,King Abdulaziz Port,2025-03-30,6636,31.6,81.38
PORT-000569,Mawani,King Abdullah Port,2025-04-23,5291,42.8,63.01
PORT-000570,Mawani,Jazan Port,2025-03-14,459,45.9,71.09
PORT-000571,Mawani,Jazan Port,2025-06-30,1666,40.61,69.58
PORT-000572,Mawani,Jeddah Islamic Port,2025-04-01,5902,35.8,80.73
PORT-000573,Mawani,Jeddah Islamic Port,2025-03-01,5559,36.17,48.49
PORT-000574,Mawani,Jeddah Islamic Port,2025-04-11,2458,45.98,77.97
PORT-000575,Mawani,King Abdullah Port,2025-01-04,1765,33.28,75.69
PORT-000576,Mawani,Jeddah Islamic Port,2025-03-13,2952,6.49,46.67
PORT-000577,Mawani,King Abdulaziz Port,2025-04-20,473,24.56,82.03
PORT-000578,Mawani,King Abdullah Port,2025-01-17,689,26.28,78.22
PORT-000579,Mawani,Jeddah Islamic Port,2025-02-26,5457,16.5,77.61
PORT-000580,Mawani,King Abdulaziz Port,2025-05-20,3042,16.94,84.75
PORT-000581,Mawani,King Abdullah Port,2025-06-25,4745,16.67,47.42
PORT-000582,Mawani,Jazan Port,2025-01-19,372,3.32,96.08
PORT-000583,Mawani,Jeddah Islamic Port,2025-06-14,257,19.39,67.71
PORT-000584,Mawani,Jeddah Islamic Port,2025-01-19,4578,18.88,68.28
PORT-000585,Mawani,King Abdullah Port,2025-01-12,6475,33.53,57.81
PORT-000586,Mawani,Jazan Port,2025-05-09,2287,33.48,51.64
PORT-000587,Mawani,King Abdulaziz Port,2025-06-19,1687,27.59,60.32
PORT-000588,Mawani,King Abdullah Port,2025-02-27,268,0.63,71.01
PORT-000589,Mawani,Jazan Port,2025-02-10,2837,16.08,56.55
PORT-000590,Mawani,King Abdullah Port,2025-01-03,697,23.93,97.22
PORT-000591,Mawani,King Abdullah Port,2025-03-07,1165,43.2,54.73
PORT-000592,Mawani,Jeddah Islamic Port,2025-04-28,4501,12.6,75.85
PORT-000593,Mawani,King Abdulaziz Port,2025-06-19,7858,27.7,86.29
PORT-000594,Mawani,King Abdulaziz Port,2025-02-26,2620,16.22,50.05
PORT-000595,Mawani,Jeddah Islamic Port,2025-01-09,4780,2.39,92.44
PORT-000596,Mawani,Jazan Port,2025-06-23,480,17.42,45.3
PORT-000597,Mawani,Jazan Port,2025-05-11,2174,12.04,53.03
PORT-000598,Mawani,Jeddah Islamic Port,2025-01-23,3245,19.15,56.66
PORT-000599,Mawani,King Abdulaziz Port,2025-06-07,7698,0.81,92.51
